date,target_date,station_id,station_name,river,district,river_station_id,river_level_time,water_level_m,water_level_change_24h_m,rainfall_mm,rainfall_24h_mm,rainfall_48h_mm,rainfall_72h_mm,warning_level_m,danger_level_m,hfl_m,risk_label,target_water_level_m,risk_label_24h,chirps_stage,chirps_flavor
2026-06-03,2026-06-04,chatia_gandak,Chatia,Gandak,Purba Champaran,A-B,14:00,65.0,0.0,7.578426837921143,7.578426837921143,7.578426837921143,7.578426837921143,,69.15,70.04,Normal,64.99,Normal,final,sat
2026-06-04,2026-06-05,chatia_gandak,Chatia,Gandak,Purba Champaran,A-B,14:00,64.99,-0.010000000000005116,0.0,0.0,7.578426837921143,7.578426837921143,,69.15,70.04,Normal,64.99,Normal,final,sat
2026-06-05,2026-06-06,chatia_gandak,Chatia,Gandak,Purba Champaran,A-B,14:00,64.99,0.0,7.578426837921143,7.578426837921143,7.578426837921143,15.156853675842285,,69.15,70.04,Normal,64.98,Normal,final,sat
2026-06-06,2026-06-07,chatia_gandak,Chatia,Gandak,Purba Champaran,A-B,14:00,64.98,-0.009999999999990905,0.0,0.0,7.578426837921143,7.578426837921143,,69.15,70.04,Normal,64.98,Normal,final,sat
2026-06-07,2026-06-08,chatia_gandak,Chatia,Gandak,Purba Champaran,A-B,14:00,64.98,0.0,5.64642858505249,5.64642858505249,5.64642858505249,13.224855422973633,,69.15,70.04,Normal,64.97,Normal,final,sat
2026-06-08,2026-06-09,chatia_gandak,Chatia,Gandak,Purba Champaran,A-B,14:00,64.97,-0.010000000000005116,4.572726726531982,4.572726726531982,10.219155311584473,10.219155311584473,,69.15,70.04,Normal,64.97,Normal,final,sat
2026-06-09,2026-06-10,chatia_gandak,Chatia,Gandak,Purba Champaran,A-B,14:00,64.97,0.0,0.0,0.0,4.572726726531982,10.219155311584473,,69.15,70.04,Normal,64.97,Normal,final,sat
2026-06-10,2026-06-11,chatia_gandak,Chatia,Gandak,Purba Champaran,A-B,14:00,64.97,0.0,4.791121006011963,4.791121006011963,4.791121006011963,9.363847732543945,,69.15,70.04,Normal,64.96,Normal,final,sat
2026-06-11,2026-06-12,chatia_gandak,Chatia,Gandak,Purba Champaran,A-B,14:00,64.96,-0.010000000000005116,34.548858642578125,34.548858642578125,39.33997964859009,39.33997964859009,,69.15,70.04,Normal,64.96,Normal,final,sat
2026-06-12,2026-06-13,chatia_gandak,Chatia,Gandak,Purba Champaran,A-B,14:00,64.96,0.0,0.0,0.0,34.548858642578125,39.33997964859009,,69.15,70.04,Normal,64.97,Normal,final,sat
2026-06-13,2026-06-14,chatia_gandak,Chatia,Gandak,Purba Champaran,A-B,14:00,64.97,0.010000000000005116,0.0,0.0,0.0,34.548858642578125,,69.15,70.04,Normal,64.97,Normal,final,sat
2026-06-14,2026-06-15,chatia_gandak,Chatia,Gandak,Purba Champaran,A-B,14:00,64.97,0.0,1.91927182674408,1.91927182674408,1.91927182674408,1.91927182674408,,69.15,70.04,Normal,64.97,Normal,final,sat
2026-06-15,2026-06-16,chatia_gandak,Chatia,Gandak,Purba Champaran,A-B,14:00,64.97,0.0,0.0,0.0,1.91927182674408,1.91927182674408,,69.15,70.04,Normal,64.97,Normal,final,sat
2026-06-16,2026-06-17,chatia_gandak,Chatia,Gandak,Purba Champaran,A-B,14:00,64.97,0.0,0.0048471093177795,0.0048471093177795,0.0048471093177795,1.9241189360618596,,69.15,70.04,Normal,64.96,Normal,final,sat
2026-06-17,2026-06-18,chatia_gandak,Chatia,Gandak,Purba Champaran,A-B,14:00,64.96,-0.010000000000005116,1.4091393947601318,1.4091393947601318,1.4139865040779114,1.4139865040779114,,69.15,70.04,Normal,64.96,Normal,final,sat
2026-06-18,2026-06-19,chatia_gandak,Chatia,Gandak,Purba Champaran,A-B,14:00,64.96,0.0,0.0,0.0,1.4091393947601318,1.4139865040779114,,69.15,70.04,Normal,64.96,Normal,final,sat
2026-06-19,2026-06-20,chatia_gandak,Chatia,Gandak,Purba Champaran,A-B,14:00,64.96,0.0,19.294708251953125,19.294708251953125,19.294708251953125,20.703847646713257,,69.15,70.04,Normal,64.95,Normal,final,sat
2026-06-20,2026-06-21,chatia_gandak,Chatia,Gandak,Purba Champaran,A-B,14:00,64.95,-0.009999999999990905,2.799785852432251,2.799785852432251,22.094494104385376,22.094494104385376,,69.15,70.04,Normal,64.95,Normal,final,sat
2026-06-21,2026-06-22,chatia_gandak,Chatia,Gandak,Purba Champaran,A-B,14:00,64.95,0.0,2.131349802017212,2.131349802017212,4.931135654449463,24.225843906402588,,69.15,70.04,Normal,64.94,Normal,final,sat
2026-06-22,2026-06-23,chatia_gandak,Chatia,Gandak,Purba Champaran,A-B,14:00,64.94,-0.010000000000005116,36.0634765625,36.0634765625,38.19482636451721,40.99461221694946,,69.15,70.04,Normal,64.98,Normal,final,sat
2026-06-23,2026-06-24,chatia_gandak,Chatia,Gandak,Purba Champaran,A-B,14:00,64.98,0.04000000000000625,0.0,0.0,36.0634765625,38.19482636451721,,69.15,70.04,Normal,64.98,Normal,final,sat
2026-06-24,2026-06-25,chatia_gandak,Chatia,Gandak,Purba Champaran,A-B,14:00,64.98,0.0,0.0,0.0,0.0,36.0634765625,,69.15,70.04,Normal,65.08,Normal,final,sat
2026-06-25,2026-06-26,chatia_gandak,Chatia,Gandak,Purba Champaran,A-B,14:00,65.08,0.09999999999999432,4.700985908508301,4.700985908508301,4.700985908508301,4.700985908508301,,69.15,70.04,Normal,65.21,Normal,final,sat
2026-06-26,2026-06-27,chatia_gandak,Chatia,Gandak,Purba Champaran,A-B,14:00,65.21,0.12999999999999545,2.708536386489868,2.708536386489868,7.409522294998169,7.409522294998169,,69.15,70.04,Normal,65.1,Normal,final,sat
2026-06-27,2026-06-28,chatia_gandak,Chatia,Gandak,Purba Champaran,A-B,14:00,65.1,-0.10999999999999943,4.724213600158691,4.724213600158691,7.43274998664856,12.13373589515686,,69.15,70.04,Normal,65.06,Normal,final,sat
2026-06-28,2026-06-29,chatia_gandak,Chatia,Gandak,Purba Champaran,A-B,14:00,65.06,-0.03999999999999204,11.636563301086426,11.636563301086426,16.360776901245117,19.069313287734985,,69.15,70.04,Normal,65.01,Normal,final,sat
2026-06-29,2026-06-30,chatia_gandak,Chatia,Gandak,Purba Champaran,A-B,14:00,65.01,-0.04999999999999716,0.4343362748622894,0.4343362748622894,12.070899575948715,16.795113176107407,,69.15,70.04,Normal,65.09,Normal,final,sat
2026-06-30,2026-07-01,chatia_gandak,Chatia,Gandak,Purba Champaran,A-B,14:00,65.09,0.0799999999999983,21.41439437866211,21.41439437866211,21.8487306535244,33.485293954610825,,69.15,70.04,Normal,65.54,Normal,final,sat
2026-07-01,2026-07-02,chatia_gandak,Chatia,Gandak,Purba Champaran,A-B,14:00,65.54,0.45000000000000284,0.5076462030410767,0.5076462030410767,21.922040581703186,22.356376856565475,,69.15,70.04,Normal,65.56,Normal,final,sat
2026-07-02,2026-07-03,chatia_gandak,Chatia,Gandak,Purba Champaran,A-B,14:00,65.56,0.01999999999999602,0.1333299875259399,0.1333299875259399,0.6409761905670166,22.055370569229126,,69.15,70.04,Normal,65.45,Normal,final,sat
2026-07-03,2026-07-04,chatia_gandak,Chatia,Gandak,Purba Champaran,A-B,14:00,65.45,-0.10999999999999943,0.1807437539100647,0.1807437539100647,0.31407374143600464,0.8217199444770813,,69.15,70.04,Normal,65.63,Normal,final,sat
2026-07-04,2026-07-05,chatia_gandak,Chatia,Gandak,Purba Champaran,A-B,14:00,65.63,0.1799999999999926,0.0206267833709716,0.0206267833709716,0.2013705372810363,0.3347005248069762,,69.15,70.04,Normal,65.64,Normal,final,sat
2026-07-05,2026-07-06,chatia_gandak,Chatia,Gandak,Purba Champaran,A-B,14:00,65.64,0.010000000000005116,0.0,0.0,0.0206267833709716,0.2013705372810363,,69.15,70.04,Normal,65.7,Normal,final,sat
2026-07-06,2026-07-07,chatia_gandak,Chatia,Gandak,Purba Champaran,A-B,14:00,65.7,0.060000000000002274,0.4537114799022674,0.4537114799022674,0.4537114799022674,0.474338263273239,,69.15,70.04,Normal,65.94,Normal,final,sat
2026-07-07,2026-07-08,chatia_gandak,Chatia,Gandak,Purba Champaran,A-B,14:00,65.94,0.23999999999999488,2.973759889602661,2.973759889602661,3.4274713695049286,3.4274713695049286,,69.15,70.04,Normal,66.02,Normal,final,sat
2026-07-08,2026-07-09,chatia_gandak,Chatia,Gandak,Purba Champaran,A-B,14:00,66.02,0.0799999999999983,2.307175397872925,2.307175397872925,5.280935287475586,5.734646767377853,,69.15,70.04,Normal,65.78,Normal,final,sat
2026-07-09,2026-07-10,chatia_gandak,Chatia,Gandak,Purba Champaran,A-B,14:00,65.78,-0.23999999999999488,20.647443771362305,20.647443771362305,22.95461916923523,25.92837905883789,,69.15,70.04,Normal,65.84,Normal,final,sat
2026-07-10,2026-07-11,chatia_gandak,Chatia,Gandak,Purba Champaran,A-B,14:00,65.84,0.060000000000002274,4.509787082672119,4.509787082672119,25.157230854034424,27.46440625190735,,69.15,70.04,Normal,66.2,Normal,final,sat
2026-07-11,2026-07-12,chatia_gandak,Chatia,Gandak,Purba Champaran,A-B,14:00,66.2,0.35999999999999943,1.5757263898849487,1.5757263898849487,6.085513472557068,26.732957243919373,,69.15,70.04,Normal,66.06,Normal,final,sat
2026-07-12,2026-07-13,chatia_gandak,Chatia,Gandak,Purba Champaran,A-B,14:00,66.06,-0.14000000000000057,30.65574836730957,30.65574836730957,32.23147475719452,36.74126183986664,,69.15,70.04,Normal,66.0,Normal,final,sat
2026-07-13,2026-07-14,chatia_gandak,Chatia,Gandak,Purba Champaran,A-B,14:00,66.0,-0.060000000000002274,47.31233978271485,47.31233978271485,77.96808815002441,79.54381453990936,,69.15,70.04,Normal,66.14,Normal,final,sat
2026-07-14,2026-07-15,chatia_gandak,Chatia,Gandak,Purba Champaran,A-B,14:00,66.14,0.14000000000000057,1.138224720954895,1.138224720954895,48.450564503669746,79.10631287097931,,69.15,70.04,Normal,66.56,Normal,final,sat
2026-07-15,2026-07-16,chatia_gandak,Chatia,Gandak,Purba Champaran,A-B,14:00,66.56,0.4200000000000017,3.465548276901245,3.465548276901245,4.60377299785614,51.91611278057099,,69.15,70.04,Normal,66.99,Normal,final,sat
2026-07-16,2026-07-17,chatia_gandak,Chatia,Gandak,Purba Champaran,A-B,14:00,66.99,0.4299999999999926,39.10268020629883,39.10268020629883,42.56822848320007,43.70645320415497,,69.15,70.04,Normal,66.93,Normal,final,sat
2026-07-17,2026-07-18,chatia_gandak,Chatia,Gandak,Purba Champaran,A-B,14:00,66.93,-0.05999999999998806,1.8709193468093872,1.8709193468093872,40.973599553108215,44.43914783000946,,69.15,70.04,Normal,66.86,Normal,final,sat
2026-07-18,2026-07-19,chatia_gandak,Chatia,Gandak,Purba Champaran,A-B,14:00,66.86,-0.07000000000000739,14.720596313476562,14.720596313476562,16.59151566028595,55.69419586658478,,69.15,70.04,Normal,66.82,Normal,final,sat
2026-07-19,2026-07-20,chatia_gandak,Chatia,Gandak,Purba Champaran,A-B,14:00,66.82,-0.04000000000000625,27.467233657836918,27.467233657836918,42.18782997131348,44.058749318122864,,69.15,70.04,Normal,66.95,Normal,final,sat
2026-07-20,2026-07-21,chatia_gandak,Chatia,Gandak,Purba Champaran,A-B,14:00,66.95,0.13000000000000966,8.6604642868042,8.6604642868042,36.12769794464111,50.848294258117676,,69.15,70.04,Normal,66.84,Normal,final,sat
2026-07-21,2026-07-22,chatia_gandak,Chatia,Gandak,Purba Champaran,A-B,14:00,66.84,-0.10999999999999943,2.698015689849853,2.698015689849853,11.358479976654053,38.82571363449097,,69.15,70.04,Normal,66.76,Normal,final,sat
2026-07-22,2026-07-23,chatia_gandak,Chatia,Gandak,Purba Champaran,A-B,14:00,66.76,-0.0799999999999983,0.4643481969833374,0.4643481969833374,3.1623638868331905,11.82282817363739,,69.15,70.04,Normal,66.74,Normal,final,sat
2026-07-23,2026-07-24,chatia_gandak,Chatia,Gandak,Purba Champaran,A-B,14:00,66.74,-0.020000000000010232,2.2940168380737305,2.2940168380737305,2.758365035057068,5.456380724906921,,69.15,70.04,Normal,66.68,Normal,final,sat
2026-07-24,2026-07-25,chatia_gandak,Chatia,Gandak,Purba Champaran,A-B,14:00,66.68,-0.05999999999998806,0.7205553650856018,0.7205553650856018,3.0145722031593323,3.4789204001426697,,69.15,70.04,Normal,66.6,Normal,final,sat
2026-07-25,2026-07-26,chatia_gandak,Chatia,Gandak,Purba Champaran,A-B,14:00,66.6,-0.0800000000000125,0.0,0.0,0.7205553650856018,3.0145722031593323,,69.15,70.04,Normal,66.51,Normal,final,sat
2026-07-26,2026-07-27,chatia_gandak,Chatia,Gandak,Purba Champaran,A-B,14:00,66.51,-0.0899999999999892,16.722286224365234,16.722286224365234,16.722286224365234,17.442841589450836,,69.15,70.04,Normal,66.44,Normal,final,sat
2026-07-27,2026-07-28,chatia_gandak,Chatia,Gandak,Purba Champaran,A-B,14:00,66.44,-0.07000000000000739,2.6001906394958496,2.6001906394958496,19.322476863861084,19.322476863861084,,69.15,70.04,Normal,66.32,Normal,final,sat
2026-07-28,2026-07-29,chatia_gandak,Chatia,Gandak,Purba Champaran,A-B,14:00,66.32,-0.12000000000000455,0.0,0.0,2.6001906394958496,19.322476863861084,,69.15,70.04,Normal,66.3,Normal,final,sat
2026-07-29,2026-07-30,chatia_gandak,Chatia,Gandak,Purba Champaran,A-B,14:00,66.3,-0.01999999999999602,1.1918402910232544,1.1918402910232544,1.1918402910232544,3.792030930519104,,69.15,70.04,Normal,66.22,Normal,final,sat
2026-07-30,2026-07-31,chatia_gandak,Chatia,Gandak,Purba Champaran,A-B,14:00,66.22,-0.0799999999999983,6.673974990844727,6.673974990844727,7.865815281867981,7.865815281867981,,69.15,70.04,Normal,66.14,Normal,final,sat
2026-07-31,2026-08-01,chatia_gandak,Chatia,Gandak,Purba Champaran,A-B,14:00,66.14,-0.0799999999999983,7.476944923400879,7.476944923400879,14.150919914245605,15.34276020526886,,69.15,70.04,Normal,66.14,Normal,final,sat
2026-08-01,2026-08-02,chatia_gandak,Chatia,Gandak,Purba Champaran,A-B,14:00,66.14,0.0,22.988954544067383,22.988954544067383,30.46589946746826,37.13987445831299,,69.15,70.04,Normal,66.12,Normal,final,sat
2026-08-02,2026-08-03,chatia_gandak,Chatia,Gandak,Purba Champaran,A-B,14:00,66.12,-0.01999999999999602,27.36149024963379,27.36149024963379,50.35044479370117,57.82738971710205,,69.15,70.04,Normal,66.11,Normal,final,sat
2026-08-03,2026-08-04,chatia_gandak,Chatia,Gandak,Purba Champaran,A-B,14:00,66.11,-0.010000000000005116,24.02327537536621,24.02327537536621,51.384765625,74.37372016906738,,69.15,70.04,Normal,66.39,Normal,final,sat
2026-08-04,2026-08-05,chatia_gandak,Chatia,Gandak,Purba Champaran,A-B,14:00,66.39,0.28000000000000114,34.10179138183594,34.10179138183594,58.12506675720215,85.48655700683594,,69.15,70.04,Normal,66.65,Normal,final,sat
2026-08-05,2026-08-06,chatia_gandak,Chatia,Gandak,Purba Champaran,A-B,14:00,66.65,0.2600000000000051,30.07877349853516,30.07877349853516,64.1805648803711,88.2038402557373,,69.15,70.04,Normal,66.81,Normal,final,sat
2026-08-06,2026-08-07,chatia_gandak,Chatia,Gandak,Purba Champaran,A-B,14:00,66.81,0.1599999999999966,0.1393374949693679,0.1393374949693679,30.218110993504528,64.31990237534046,,69.15,70.04,Normal,67.01,Normal,final,sat
2026-08-07,2026-08-08,chatia_gandak,Chatia,Gandak,Purba Champaran,A-B,14:00,67.01,0.20000000000000284,1.3475276231765747,1.3475276231765747,1.4868651181459427,31.565638616681102,,69.15,70.04,Normal,67.42,Normal,final,sat
2026-08-08,2026-08-09,chatia_gandak,Chatia,Gandak,Purba Champaran,A-B,14:00,67.42,0.4099999999999966,0.0,0.0,1.3475276231765747,1.4868651181459427,,69.15,70.04,Normal,67.62,Normal,final,sat
2026-08-09,2026-08-10,chatia_gandak,Chatia,Gandak,Purba Champaran,A-B,14:00,67.62,0.20000000000000284,1.2549031972885132,1.2549031972885132,1.2549031972885132,2.602430820465088,,69.15,70.04,Normal,67.48,Normal,final,sat
2026-08-10,2026-08-11,chatia_gandak,Chatia,Gandak,Purba Champaran,A-B,14:00,67.48,-0.14000000000000057,1.485447883605957,1.485447883605957,2.74035108089447,2.74035108089447,,69.15,70.04,Normal,67.36,Normal,final,sat
2026-08-11,2026-08-12,chatia_gandak,Chatia,Gandak,Purba Champaran,A-B,14:00,67.36,-0.12000000000000455,0.0,0.0,1.485447883605957,2.74035108089447,,69.15,70.04,Normal,67.21,Normal,final,sat
2026-08-12,2026-08-13,chatia_gandak,Chatia,Gandak,Purba Champaran,A-B,14:00,67.21,-0.15000000000000568,0.4303149580955505,0.4303149580955505,0.4303149580955505,1.9157628417015076,,69.15,70.04,Normal,67.02,Normal,final,sat
2026-08-13,2026-08-14,chatia_gandak,Chatia,Gandak,Purba Champaran,A-B,14:00,67.02,-0.18999999999999773,22.20707130432129,22.20707130432129,22.63738626241684,22.63738626241684,,69.15,70.04,Normal,66.93,Normal,final,sat
2026-08-14,2026-08-15,chatia_gandak,Chatia,Gandak,Purba Champaran,A-B,14:00,66.93,-0.0899999999999892,0.2194503843784332,0.2194503843784332,22.426521688699722,22.856836646795273,,69.15,70.04,Normal,66.79,Normal,final,sat
2026-08-15,2026-08-16,chatia_gandak,Chatia,Gandak,Purba Champaran,A-B,14:00,66.79,-0.14000000000000057,0.3922246396541595,0.3922246396541595,0.6116750240325927,22.818746328353882,,69.15,70.04,Normal,66.93,Normal,final,sat
2026-08-16,2026-08-17,chatia_gandak,Chatia,Gandak,Purba Champaran,A-B,14:00,66.93,0.14000000000000057,12.188488960266112,12.188488960266112,12.580713599920271,12.800163984298704,,69.15,70.04,Normal,66.98,Normal,final,sat
2026-08-17,2026-08-18,chatia_gandak,Chatia,Gandak,Purba Champaran,A-B,14:00,66.98,0.04999999999999716,4.173211097717285,4.173211097717285,16.3617000579834,16.753924697637558,,69.15,70.04,Normal,67.06,Normal,final,sat
2026-08-18,2026-08-19,chatia_gandak,Chatia,Gandak,Purba Champaran,A-B,14:00,67.06,0.0799999999999983,0.6369368433952332,0.6369368433952332,4.810147941112518,16.99863690137863,,69.15,70.04,Normal,67.06,Normal,final,sat
2026-08-19,2026-08-20,chatia_gandak,Chatia,Gandak,Purba Champaran,A-B,14:00,67.06,0.0,0.509067952632904,0.509067952632904,1.1460047960281372,5.319215893745422,,69.15,70.04,Normal,66.98,Normal,final,sat
2026-08-20,2026-08-21,chatia_gandak,Chatia,Gandak,Purba Champaran,A-B,14:00,66.98,-0.0799999999999983,0.4208284914493561,0.4208284914493561,0.9298964440822601,1.5668332874774933,,69.15,70.04,Normal,66.88,Normal,final,sat
2026-08-21,2026-08-22,chatia_gandak,Chatia,Gandak,Purba Champaran,A-B,14:00,66.88,-0.10000000000000853,4.857142925262451,4.857142925262451,5.277971416711807,5.787039369344711,,69.15,70.04,Normal,66.74,Normal,final,sat
2026-08-22,2026-08-23,chatia_gandak,Chatia,Gandak,Purba Champaran,A-B,14:00,66.74,-0.14000000000000057,2.3971493244171143,2.3971493244171143,7.254292249679565,7.6751207411289215,,69.15,70.04,Normal,66.73,Normal,final,sat
2026-08-23,2026-08-24,chatia_gandak,Chatia,Gandak,Purba Champaran,A-B,14:00,66.73,-0.009999999999990905,13.02642822265625,13.02642822265625,15.423577547073364,20.280720472335815,,69.15,70.04,Normal,66.79,Normal,final,sat
2026-08-24,2026-08-25,chatia_gandak,Chatia,Gandak,Purba Champaran,A-B,14:00,66.79,0.060000000000002274,1.9719158411026,1.9719158411026,14.99834406375885,17.395493388175964,,69.15,70.04,Normal,66.82,Normal,final,sat
2026-08-25,2026-08-26,chatia_gandak,Chatia,Gandak,Purba Champaran,A-B,14:00,66.82,0.029999999999986926,0.5638367533683777,0.5638367533683777,2.535752594470978,15.562180817127228,,69.15,70.04,Normal,66.75,Normal,final,sat
2026-08-26,2026-08-27,chatia_gandak,Chatia,Gandak,Purba Champaran,A-B,14:00,66.75,-0.06999999999999318,0.1739361137151718,0.1739361137151718,0.7377728670835495,2.7096887081861496,,69.15,70.04,Normal,66.7,Normal,final,sat
2026-08-27,2026-08-28,chatia_gandak,Chatia,Gandak,Purba Champaran,A-B,14:00,66.7,-0.04999999999999716,5.520508766174316,5.520508766174316,5.694444879889488,6.258281633257866,,69.15,70.04,Normal,66.71,Normal,final,sat
2026-08-28,2026-08-29,chatia_gandak,Chatia,Gandak,Purba Champaran,A-B,14:00,66.71,0.009999999999990905,0.519050657749176,0.519050657749176,6.039559423923492,6.213495537638664,,69.15,70.04,Normal,66.65,Normal,final,sat
2026-08-29,2026-08-30,chatia_gandak,Chatia,Gandak,Purba Champaran,A-B,14:00,66.65,-0.05999999999998806,26.78997230529785,26.78997230529785,27.309022963047028,32.829531729221344,,69.15,70.04,Normal,66.69,Normal,final,sat
2026-08-30,2026-08-31,chatia_gandak,Chatia,Gandak,Purba Champaran,A-B,14:00,66.69,0.03999999999999204,5.709028720855713,5.709028720855713,32.499001026153564,33.01805168390274,,69.15,70.04,Normal,66.75,Normal,final,sat
2026-08-31,2026-09-01,chatia_gandak,Chatia,Gandak,Purba Champaran,A-B,14:00,66.75,0.060000000000002274,1.114734172821045,1.114734172821045,6.823762893676758,33.61373519897461,,69.15,70.04,Normal,66.87,Normal,final,sat
2026-09-01,2026-09-02,chatia_gandak,Chatia,Gandak,Purba Champaran,A-B,14:00,66.87,0.12000000000000455,2.22878360748291,2.22878360748291,3.343517780303955,9.052546501159668,,69.15,70.04,Normal,66.91,Normal,prelim,sat
2026-09-02,2026-09-03,chatia_gandak,Chatia,Gandak,Purba Champaran,A-B,14:00,66.91,0.03999999999999204,2.760470390319824,2.760470390319824,4.989253997802734,6.103988170623779,,69.15,70.04,Normal,66.99,Normal,prelim,sat
2026-09-03,2026-09-04,chatia_gandak,Chatia,Gandak,Purba Champaran,A-B,14:00,66.99,0.0799999999999983,2.006192207336426,2.006192207336426,4.76666259765625,6.99544620513916,,69.15,70.04,Normal,67.11,Normal,prelim,sat
2026-09-04,2026-09-05,chatia_gandak,Chatia,Gandak,Purba Champaran,A-B,14:00,67.11,0.12000000000000455,11.394458770751951,11.394458770751951,13.400650978088377,16.161121368408203,,69.15,70.04,Normal,67.11,Normal,prelim,sat
2026-09-05,2026-09-06,chatia_gandak,Chatia,Gandak,Purba Champaran,A-B,14:00,67.11,0.0,8.47464370727539,8.47464370727539,19.869102478027344,21.87529468536377,,69.15,70.04,Normal,67.07,Normal,prelim,sat
2026-09-06,2026-09-07,chatia_gandak,Chatia,Gandak,Purba Champaran,A-B,14:00,67.07,-0.04000000000000625,7.54860258102417,7.54860258102417,16.02324628829956,27.417705059051514,,69.15,70.04,Normal,67.03,Normal,prelim,sat
2026-09-07,2026-09-08,chatia_gandak,Chatia,Gandak,Purba Champaran,A-B,14:00,67.03,-0.03999999999999204,15.394537925720217,15.394537925720217,22.943140506744385,31.417784214019775,,69.15,70.04,Normal,67.03,Normal,prelim,sat
2026-09-08,2026-09-09,chatia_gandak,Chatia,Gandak,Purba Champaran,A-B,14:00,67.03,0.0,1.8896125555038448,1.8896125555038448,17.28415048122406,24.83275306224823,,69.15,70.04,Normal,67.11,Normal,prelim,sat
2026-09-09,2026-09-10,chatia_gandak,Chatia,Gandak,Purba Champaran,A-B,14:00,67.11,0.0799999999999983,18.13605499267578,18.13605499267578,20.025667548179626,35.42020547389984,,69.15,70.04,Normal,66.97,Normal,prelim,sat
2026-09-10,2026-09-11,chatia_gandak,Chatia,Gandak,Purba Champaran,A-B,14:00,66.97,-0.14000000000000057,10.039624214172363,10.039624214172363,28.175679206848145,30.06529176235199,,69.15,70.04,Normal,66.85,Normal,prelim,sat
2026-09-11,2026-09-12,chatia_gandak,Chatia,Gandak,Purba Champaran,A-B,14:00,66.85,-0.12000000000000455,1.4131861925125122,1.4131861925125122,11.452810406684875,29.588865399360657,,69.15,70.04,Normal,66.78,Normal,prelim,sat
2026-09-12,2026-09-13,chatia_gandak,Chatia,Gandak,Purba Champaran,A-B,14:00,66.78,-0.06999999999999318,0.400657594203949,0.400657594203949,1.8138437867164612,11.853468000888824,,69.15,70.04,Normal,66.7,Normal,prelim,sat
2026-09-13,2026-09-14,chatia_gandak,Chatia,Gandak,Purba Champaran,A-B,14:00,66.7,-0.0799999999999983,0.0,0.0,0.400657594203949,1.8138437867164612,,69.15,70.04,Normal,66.62,Normal,prelim,sat
2026-09-14,2026-09-15,chatia_gandak,Chatia,Gandak,Purba Champaran,A-B,14:00,66.62,-0.0799999999999983,9.17503547668457,9.17503547668457,9.17503547668457,9.57569307088852,,69.15,70.04,Normal,66.73,Normal,prelim,sat
2026-09-15,2026-09-16,chatia_gandak,Chatia,Gandak,Purba Champaran,A-B,14:00,66.73,0.10999999999999943,0.6261847615242004,0.6261847615242004,9.80122023820877,9.80122023820877,,69.15,70.04,Normal,66.8,Normal,prelim,sat
2026-09-16,2026-09-17,chatia_gandak,Chatia,Gandak,Purba Champaran,A-B,14:00,66.8,0.06999999999999318,1.141780138015747,1.141780138015747,1.7679648995399475,10.943000376224518,,69.15,70.04,Normal,66.76,Normal,prelim,sat
2026-09-17,2026-09-18,chatia_gandak,Chatia,Gandak,Purba Champaran,A-B,14:00,66.76,-0.03999999999999204,18.96994972229004,18.96994972229004,20.111729860305786,20.737914621829987,,69.15,70.04,Normal,66.79,Normal,prelim,sat
2026-09-18,2026-09-19,chatia_gandak,Chatia,Gandak,Purba Champaran,A-B,14:00,66.79,0.030000000000001137,0.4323782324790954,0.4323782324790954,19.402327954769135,20.54410809278488,,69.15,70.04,Normal,66.71,Normal,prelim,sat
2026-09-19,2026-09-20,chatia_gandak,Chatia,Gandak,Purba Champaran,A-B,14:00,66.71,-0.0800000000000125,0.0,0.0,0.4323782324790954,19.402327954769135,,69.15,70.04,Normal,66.55,Normal,prelim,sat
2026-09-20,2026-09-21,chatia_gandak,Chatia,Gandak,Purba Champaran,A-B,14:00,66.55,-0.1599999999999966,0.0,0.0,0.0,0.4323782324790954,,69.15,70.04,Normal,66.41,Normal,prelim,sat
2026-09-21,2026-09-22,chatia_gandak,Chatia,Gandak,Purba Champaran,A-B,14:00,66.41,-0.14000000000000057,0.0,0.0,0.0,0.0,,69.15,70.04,Normal,66.25,Normal,prelim,sat
2026-09-22,2026-09-23,chatia_gandak,Chatia,Gandak,Purba Champaran,A-B,14:00,66.25,-0.1599999999999966,1.988886833190918,1.988886833190918,1.988886833190918,1.988886833190918,,69.15,70.04,Normal,66.15,Normal,prelim,sat
2026-09-23,2026-09-24,chatia_gandak,Chatia,Gandak,Purba Champaran,A-B,14:00,66.15,-0.09999999999999432,12.869149208068848,12.869149208068848,14.858036041259766,14.858036041259766,,69.15,70.04,Normal,66.05,Normal,prelim,sat
2026-09-24,2026-09-25,chatia_gandak,Chatia,Gandak,Purba Champaran,A-B,14:00,66.05,-0.10000000000000853,45.08177185058594,45.08177185058594,57.950921058654785,59.9398078918457,,69.15,70.04,Normal,66.19,Normal,prelim,sat
2026-06-03,2026-06-04,dumariaghat_gandak,Dumariaghat,Gandak,Gopalganj,A-C,14:00,60.68,-0.07000000000000028,0.0,0.0,0.0,0.0,61.22,62.22,64.36,Normal,60.54,Normal,final,sat
2026-06-04,2026-06-05,dumariaghat_gandak,Dumariaghat,Gandak,Gopalganj,A-C,14:00,60.54,-0.14000000000000057,0.0,0.0,0.0,0.0,61.22,62.22,64.36,Normal,60.45,Normal,final,sat
2026-06-05,2026-06-06,dumariaghat_gandak,Dumariaghat,Gandak,Gopalganj,A-C,14:00,60.45,-0.0899999999999963,13.272418975830078,13.272418975830078,13.272418975830078,13.272418975830078,61.22,62.22,64.36,Normal,60.36,Normal,final,sat
2026-06-06,2026-06-07,dumariaghat_gandak,Dumariaghat,Gandak,Gopalganj,A-C,14:00,60.36,-0.09000000000000341,9.655284881591797,9.655284881591797,22.927703857421875,22.927703857421875,61.22,62.22,64.36,Normal,60.27,Normal,final,sat
2026-06-07,2026-06-08,dumariaghat_gandak,Dumariaghat,Gandak,Gopalganj,A-C,14:00,60.27,-0.0899999999999963,2.0377988815307617,2.0377988815307617,11.693083763122559,24.965502738952637,61.22,62.22,64.36,Normal,60.27,Normal,final,sat
2026-06-08,2026-06-09,dumariaghat_gandak,Dumariaghat,Gandak,Gopalganj,A-C,14:00,60.27,0.0,1.40705144405365,1.40705144405365,3.4448503255844116,13.100135207176208,61.22,62.22,64.36,Normal,60.42,Normal,final,sat
2026-06-09,2026-06-10,dumariaghat_gandak,Dumariaghat,Gandak,Gopalganj,A-C,14:00,60.42,0.14999999999999858,0.0,0.0,1.40705144405365,3.4448503255844116,61.22,62.22,64.36,Normal,60.52,Normal,final,sat
2026-06-10,2026-06-11,dumariaghat_gandak,Dumariaghat,Gandak,Gopalganj,A-C,14:00,60.52,0.10000000000000142,1.067418336868286,1.067418336868286,1.067418336868286,2.474469780921936,61.22,62.22,64.36,Normal,60.52,Normal,final,sat
2026-06-11,2026-06-12,dumariaghat_gandak,Dumariaghat,Gandak,Gopalganj,A-C,14:00,60.52,0.0,19.20975112915039,19.20975112915039,20.277169466018677,20.277169466018677,61.22,62.22,64.36,Normal,60.53,Normal,final,sat
2026-06-12,2026-06-13,dumariaghat_gandak,Dumariaghat,Gandak,Gopalganj,A-C,14:00,60.53,0.00999999999999801,0.0,0.0,19.20975112915039,20.277169466018677,61.22,62.22,64.36,Normal,60.66,Normal,final,sat
2026-06-13,2026-06-14,dumariaghat_gandak,Dumariaghat,Gandak,Gopalganj,A-C,14:00,60.66,0.12999999999999545,0.0,0.0,0.0,19.20975112915039,61.22,62.22,64.36,Normal,60.61,Normal,final,sat
2026-06-14,2026-06-15,dumariaghat_gandak,Dumariaghat,Gandak,Gopalganj,A-C,14:00,60.61,-0.04999999999999716,0.0,0.0,0.0,0.0,61.22,62.22,64.36,Normal,60.45,Normal,final,sat
2026-06-15,2026-06-16,dumariaghat_gandak,Dumariaghat,Gandak,Gopalganj,A-C,14:00,60.45,-0.1599999999999966,6.078120231628418,6.078120231628418,6.078120231628418,6.078120231628418,61.22,62.22,64.36,Normal,60.4,Normal,final,sat
2026-06-16,2026-06-17,dumariaghat_gandak,Dumariaghat,Gandak,Gopalganj,A-C,14:00,60.4,-0.05000000000000426,0.0,0.0,6.078120231628418,6.078120231628418,61.22,62.22,64.36,Normal,60.31,Normal,final,sat
2026-06-17,2026-06-18,dumariaghat_gandak,Dumariaghat,Gandak,Gopalganj,A-C,14:00,60.31,-0.0899999999999963,1.0621435642242432,1.0621435642242432,1.0621435642242432,7.140263795852661,61.22,62.22,64.36,Normal,60.28,Normal,final,sat
2026-06-18,2026-06-19,dumariaghat_gandak,Dumariaghat,Gandak,Gopalganj,A-C,14:00,60.28,-0.030000000000001137,0.0,0.0,1.0621435642242432,1.0621435642242432,61.22,62.22,64.36,Normal,60.25,Normal,final,sat
2026-06-19,2026-06-20,dumariaghat_gandak,Dumariaghat,Gandak,Gopalganj,A-C,14:00,60.25,-0.030000000000001137,27.572797775268555,27.572797775268555,27.572797775268555,28.634941339492798,61.22,62.22,64.36,Normal,60.27,Normal,final,sat
2026-06-20,2026-06-21,dumariaghat_gandak,Dumariaghat,Gandak,Gopalganj,A-C,14:00,60.27,0.020000000000003126,0.2818873226642608,0.2818873226642608,27.854685097932816,27.854685097932816,61.22,62.22,64.36,Normal,60.25,Normal,final,sat
2026-06-21,2026-06-22,dumariaghat_gandak,Dumariaghat,Gandak,Gopalganj,A-C,14:00,60.25,-0.020000000000003126,8.942927360534668,8.942927360534668,9.224814683198929,36.79761245846748,61.22,62.22,64.36,Normal,60.62,Normal,final,sat
2026-06-22,2026-06-23,dumariaghat_gandak,Dumariaghat,Gandak,Gopalganj,A-C,14:00,60.62,0.36999999999999744,41.5971794128418,41.5971794128418,50.540106773376465,50.821994096040726,61.22,62.22,64.36,Normal,61.1,Normal,final,sat
2026-06-23,2026-06-24,dumariaghat_gandak,Dumariaghat,Gandak,Gopalganj,A-C,14:00,61.1,0.480000000000004,0.0,0.0,41.5971794128418,50.540106773376465,61.22,62.22,64.36,Normal,61.3,Above Normal,final,sat
2026-06-24,2026-06-25,dumariaghat_gandak,Dumariaghat,Gandak,Gopalganj,A-C,14:00,61.3,0.19999999999999574,0.0,0.0,0.0,41.5971794128418,61.22,62.22,64.36,Above Normal,61.41,Above Normal,final,sat
2026-06-25,2026-06-26,dumariaghat_gandak,Dumariaghat,Gandak,Gopalganj,A-C,14:00,61.41,0.10999999999999943,3.9279401302337646,3.9279401302337646,3.9279401302337646,3.9279401302337646,61.22,62.22,64.36,Above Normal,61.25,Above Normal,final,sat
2026-06-26,2026-06-27,dumariaghat_gandak,Dumariaghat,Gandak,Gopalganj,A-C,14:00,61.25,-0.1599999999999966,14.040980339050291,14.040980339050291,17.968920469284058,17.968920469284058,61.22,62.22,64.36,Above Normal,61.05,Normal,final,sat
2026-06-27,2026-06-28,dumariaghat_gandak,Dumariaghat,Gandak,Gopalganj,A-C,14:00,61.05,-0.20000000000000284,7.742842197418213,7.742842197418213,21.783822536468506,25.71176266670227,61.22,62.22,64.36,Normal,61.01,Normal,final,sat
2026-06-28,2026-06-29,dumariaghat_gandak,Dumariaghat,Gandak,Gopalganj,A-C,14:00,61.01,-0.03999999999999915,11.472908973693848,11.472908973693848,19.21575117111206,33.25673151016235,61.22,62.22,64.36,Normal,61.12,Normal,final,sat
2026-06-29,2026-06-30,dumariaghat_gandak,Dumariaghat,Gandak,Gopalganj,A-C,14:00,61.12,0.10999999999999943,5.2033233642578125,5.2033233642578125,16.67623233795166,24.419074535369873,61.22,62.22,64.36,Normal,61.7,Above Normal,final,sat
2026-06-30,2026-07-01,dumariaghat_gandak,Dumariaghat,Gandak,Gopalganj,A-C,14:00,61.7,0.5800000000000054,5.1782426834106445,5.1782426834106445,10.381566047668457,21.854475021362305,61.22,62.22,64.36,Above Normal,61.77,Above Normal,final,sat
2026-07-01,2026-07-02,dumariaghat_gandak,Dumariaghat,Gandak,Gopalganj,A-C,14:00,61.77,0.07000000000000028,2.7907192707061768,2.7907192707061768,7.968961954116821,13.172285318374634,61.22,62.22,64.36,Above Normal,61.56,Above Normal,final,sat
2026-07-02,2026-07-03,dumariaghat_gandak,Dumariaghat,Gandak,Gopalganj,A-C,14:00,61.56,-0.21000000000000085,0.0327227301895618,0.0327227301895618,2.8234420008957386,8.001684684306383,61.22,62.22,64.36,Above Normal,61.51,Above Normal,final,sat
2026-07-03,2026-07-04,dumariaghat_gandak,Dumariaghat,Gandak,Gopalganj,A-C,14:00,61.51,-0.05000000000000426,0.0313197635114192,0.0313197635114192,0.064042493700981,2.854761764407158,61.22,62.22,64.36,Above Normal,61.63,Above Normal,final,sat
2026-07-04,2026-07-05,dumariaghat_gandak,Dumariaghat,Gandak,Gopalganj,A-C,14:00,61.63,0.12000000000000455,0.5047717690467834,0.5047717690467834,0.5360915325582026,0.5688142627477645,61.22,62.22,64.36,Above Normal,61.84,Above Normal,final,sat
2026-07-05,2026-07-06,dumariaghat_gandak,Dumariaghat,Gandak,Gopalganj,A-C,14:00,61.84,0.21000000000000085,0.0,0.0,0.5047717690467834,0.5360915325582026,61.22,62.22,64.36,Above Normal,61.82,Above Normal,final,sat
2026-07-06,2026-07-07,dumariaghat_gandak,Dumariaghat,Gandak,Gopalganj,A-C,14:00,61.82,-0.020000000000003126,2.795532703399658,2.795532703399658,2.795532703399658,3.3003044724464417,61.22,62.22,64.36,Above Normal,62.28,Severe,final,sat
2026-07-07,2026-07-08,dumariaghat_gandak,Dumariaghat,Gandak,Gopalganj,A-C,14:00,62.28,0.46000000000000085,2.594665288925171,2.594665288925171,5.390197992324829,5.390197992324829,61.22,62.22,64.36,Severe,62.02,Above Normal,final,sat
2026-07-08,2026-07-09,dumariaghat_gandak,Dumariaghat,Gandak,Gopalganj,A-C,14:00,62.02,-0.259999999999998,2.9184510707855225,2.9184510707855225,5.513116359710693,8.308649063110352,61.22,62.22,64.36,Above Normal,61.84,Above Normal,final,sat
2026-07-09,2026-07-10,dumariaghat_gandak,Dumariaghat,Gandak,Gopalganj,A-C,14:00,61.84,-0.17999999999999972,12.806628227233888,12.806628227233888,15.725079298019411,18.31974458694458,61.22,62.22,64.36,Above Normal,62.38,Severe,final,sat
2026-07-10,2026-07-11,dumariaghat_gandak,Dumariaghat,Gandak,Gopalganj,A-C,14:00,62.38,0.5399999999999991,5.743027210235596,5.743027210235596,18.549655437469482,21.468106508255005,61.22,62.22,64.36,Severe,62.24,Severe,final,sat
2026-07-11,2026-07-12,dumariaghat_gandak,Dumariaghat,Gandak,Gopalganj,A-C,14:00,62.24,-0.14000000000000057,0.3564799726009369,0.3564799726009369,6.099507182836533,18.90613541007042,61.22,62.22,64.36,Severe,62.15,Above Normal,final,sat
2026-07-12,2026-07-13,dumariaghat_gandak,Dumariaghat,Gandak,Gopalganj,A-C,14:00,62.15,-0.09000000000000341,17.492034912109375,17.492034912109375,17.848514884710312,23.591542094945908,61.22,62.22,64.36,Above Normal,62.09,Above Normal,final,sat
2026-07-13,2026-07-14,dumariaghat_gandak,Dumariaghat,Gandak,Gopalganj,A-C,14:00,62.09,-0.05999999999999517,38.85636901855469,38.85636901855469,56.34840393066406,56.704883903265,61.22,62.22,64.36,Above Normal,62.32,Severe,final,sat
2026-07-14,2026-07-15,dumariaghat_gandak,Dumariaghat,Gandak,Gopalganj,A-C,14:00,62.32,0.22999999999999687,9.049397468566896,9.049397468566896,47.90576648712158,65.39780139923096,61.22,62.22,64.36,Severe,62.82,Severe,final,sat
2026-07-15,2026-07-16,dumariaghat_gandak,Dumariaghat,Gandak,Gopalganj,A-C,14:00,62.82,0.5,0.5372273325920105,0.5372273325920105,9.586624801158907,48.44299381971359,61.22,62.22,64.36,Severe,62.9,Severe,final,sat
2026-07-16,2026-07-17,dumariaghat_gandak,Dumariaghat,Gandak,Gopalganj,A-C,14:00,62.9,0.0799999999999983,27.918399810791016,27.918399810791016,28.455627143383026,37.50502461194992,61.22,62.22,64.36,Severe,62.76,Severe,final,sat
2026-07-17,2026-07-18,dumariaghat_gandak,Dumariaghat,Gandak,Gopalganj,A-C,14:00,62.76,-0.14000000000000057,0.9838730096817015,0.9838730096817015,28.902272820472717,29.439500153064728,61.22,62.22,64.36,Severe,62.64,Severe,final,sat
2026-07-18,2026-07-19,dumariaghat_gandak,Dumariaghat,Gandak,Gopalganj,A-C,14:00,62.64,-0.11999999999999744,9.249462127685549,9.249462127685549,10.23333513736725,38.151734948158264,61.22,62.22,64.36,Severe,62.68,Severe,final,sat
2026-07-19,2026-07-20,dumariaghat_gandak,Dumariaghat,Gandak,Gopalganj,A-C,14:00,62.68,0.03999999999999915,12.815807342529297,12.815807342529297,22.065269470214844,23.049142479896545,61.22,62.22,64.36,Severe,62.76,Severe,final,sat
2026-07-20,2026-07-21,dumariaghat_gandak,Dumariaghat,Gandak,Gopalganj,A-C,14:00,62.76,0.0799999999999983,7.084696292877197,7.084696292877197,19.900503635406494,29.14996576309204,61.22,62.22,64.36,Severe,62.64,Severe,final,sat
2026-07-21,2026-07-22,dumariaghat_gandak,Dumariaghat,Gandak,Gopalganj,A-C,14:00,62.64,-0.11999999999999744,0.1625391393899917,0.1625391393899917,7.247235432267189,20.063042774796486,61.22,62.22,64.36,Severe,62.64,Severe,final,sat
2026-07-22,2026-07-23,dumariaghat_gandak,Dumariaghat,Gandak,Gopalganj,A-C,14:00,62.64,0.0,0.8836671113967896,0.8836671113967896,1.0462062507867813,8.130902543663979,61.22,62.22,64.36,Severe,62.54,Severe,final,sat
2026-07-23,2026-07-24,dumariaghat_gandak,Dumariaghat,Gandak,Gopalganj,A-C,14:00,62.54,-0.10000000000000142,0.3072872757911682,0.3072872757911682,1.1909543871879578,1.3534935265779495,61.22,62.22,64.36,Severe,62.44,Severe,final,sat
2026-07-24,2026-07-25,dumariaghat_gandak,Dumariaghat,Gandak,Gopalganj,A-C,14:00,62.44,-0.10000000000000142,1.2202917337417605,1.2202917337417605,1.5275790095329287,2.411246120929718,61.22,62.22,64.36,Severe,62.37,Severe,final,sat
2026-07-25,2026-07-26,dumariaghat_gandak,Dumariaghat,Gandak,Gopalganj,A-C,14:00,62.37,-0.07000000000000028,0.0,0.0,1.2202917337417605,1.5275790095329287,61.22,62.22,64.36,Severe,62.27,Severe,final,sat
2026-07-26,2026-07-27,dumariaghat_gandak,Dumariaghat,Gandak,Gopalganj,A-C,14:00,62.27,-0.09999999999999432,7.6003031730651855,7.6003031730651855,7.6003031730651855,8.820594906806946,61.22,62.22,64.36,Severe,62.08,Above Normal,final,sat
2026-07-27,2026-07-28,dumariaghat_gandak,Dumariaghat,Gandak,Gopalganj,A-C,14:00,62.08,-0.19000000000000483,3.2753233909606934,3.2753233909606934,10.875626564025879,10.875626564025879,61.22,62.22,64.36,Above Normal,61.95,Above Normal,final,sat
2026-07-28,2026-07-29,dumariaghat_gandak,Dumariaghat,Gandak,Gopalganj,A-C,14:00,61.95,-0.12999999999999545,0.2223550230264663,0.2223550230264663,3.4976784139871597,11.097981587052345,61.22,62.22,64.36,Above Normal,62.17,Above Normal,final,sat
2026-07-29,2026-07-30,dumariaghat_gandak,Dumariaghat,Gandak,Gopalganj,A-C,14:00,62.17,0.21999999999999886,14.796462059020996,14.796462059020996,15.018817082047462,18.294140473008156,61.22,62.22,64.36,Above Normal,62.0,Above Normal,final,sat
2026-07-30,2026-07-31,dumariaghat_gandak,Dumariaghat,Gandak,Gopalganj,A-C,14:00,62.0,-0.1700000000000017,16.114866256713867,16.114866256713867,30.911328315734863,31.13368333876133,61.22,62.22,64.36,Above Normal,62.07,Above Normal,final,sat
2026-07-31,2026-08-01,dumariaghat_gandak,Dumariaghat,Gandak,Gopalganj,A-C,14:00,62.07,0.07000000000000028,14.074464797973633,14.074464797973633,30.1893310546875,44.985793113708496,61.22,62.22,64.36,Above Normal,61.98,Above Normal,final,sat
2026-08-01,2026-08-02,dumariaghat_gandak,Dumariaghat,Gandak,Gopalganj,A-C,14:00,61.98,-0.09000000000000341,6.844455242156982,6.844455242156982,20.918920040130615,37.03378629684448,61.22,62.22,64.36,Above Normal,62.1,Above Normal,final,sat
2026-08-02,2026-08-03,dumariaghat_gandak,Dumariaghat,Gandak,Gopalganj,A-C,14:00,62.1,0.12000000000000455,18.512279510498047,18.512279510498047,25.35673475265503,39.43119955062866,61.22,62.22,64.36,Above Normal,62.35,Severe,final,sat
2026-08-03,2026-08-04,dumariaghat_gandak,Dumariaghat,Gandak,Gopalganj,A-C,14:00,62.35,0.25,35.66422271728516,35.66422271728516,54.17650222778321,61.02095746994019,61.22,62.22,64.36,Severe,62.57,Severe,final,sat
2026-08-04,2026-08-05,dumariaghat_gandak,Dumariaghat,Gandak,Gopalganj,A-C,14:00,62.57,0.21999999999999886,16.682907104492188,16.682907104492188,52.34712982177735,70.85940933227539,61.22,62.22,64.36,Severe,62.74,Severe,final,sat
2026-08-05,2026-08-06,dumariaghat_gandak,Dumariaghat,Gandak,Gopalganj,A-C,14:00,62.74,0.1700000000000017,27.48411750793457,27.48411750793457,44.16702461242676,79.83124732971191,61.22,62.22,64.36,Severe,62.8,Severe,final,sat
2026-08-06,2026-08-07,dumariaghat_gandak,Dumariaghat,Gandak,Gopalganj,A-C,14:00,62.8,0.05999999999999517,1.250337839126587,1.250337839126587,28.734455347061157,45.417362451553345,61.22,62.22,64.36,Severe,62.94,Severe,final,sat
2026-08-07,2026-08-08,dumariaghat_gandak,Dumariaghat,Gandak,Gopalganj,A-C,14:00,62.94,0.14000000000000057,4.530256748199463,4.530256748199463,5.78059458732605,33.26471209526062,61.22,62.22,64.36,Severe,63.16,Severe,final,sat
2026-08-08,2026-08-09,dumariaghat_gandak,Dumariaghat,Gandak,Gopalganj,A-C,14:00,63.16,0.21999999999999886,0.0,0.0,4.530256748199463,5.78059458732605,61.22,62.22,64.36,Severe,63.09,Severe,final,sat
2026-08-09,2026-08-10,dumariaghat_gandak,Dumariaghat,Gandak,Gopalganj,A-C,14:00,63.09,-0.06999999999999318,1.2040749788284302,1.2040749788284302,1.2040749788284302,5.734331727027893,61.22,62.22,64.36,Severe,62.9,Severe,final,sat
2026-08-10,2026-08-11,dumariaghat_gandak,Dumariaghat,Gandak,Gopalganj,A-C,14:00,62.9,-0.19000000000000483,1.5814952850341797,1.5814952850341797,2.78557026386261,2.78557026386261,61.22,62.22,64.36,Severe,62.77,Severe,final,sat
2026-08-11,2026-08-12,dumariaghat_gandak,Dumariaghat,Gandak,Gopalganj,A-C,14:00,62.77,-0.12999999999999545,0.0,0.0,1.5814952850341797,2.78557026386261,61.22,62.22,64.36,Severe,62.71,Severe,final,sat
2026-08-12,2026-08-13,dumariaghat_gandak,Dumariaghat,Gandak,Gopalganj,A-C,14:00,62.71,-0.060000000000002274,1.6156095266342163,1.6156095266342163,1.6156095266342163,3.197104811668396,61.22,62.22,64.36,Severe,62.57,Severe,final,sat
2026-08-13,2026-08-14,dumariaghat_gandak,Dumariaghat,Gandak,Gopalganj,A-C,14:00,62.57,-0.14000000000000057,20.33385467529297,20.33385467529297,21.949464201927185,21.949464201927185,61.22,62.22,64.36,Severe,62.49,Severe,final,sat
2026-08-14,2026-08-15,dumariaghat_gandak,Dumariaghat,Gandak,Gopalganj,A-C,14:00,62.49,-0.0799999999999983,0.3841115832328796,0.3841115832328796,20.71796625852585,22.333575785160065,61.22,62.22,64.36,Severe,62.81,Severe,final,sat
2026-08-15,2026-08-16,dumariaghat_gandak,Dumariaghat,Gandak,Gopalganj,A-C,14:00,62.81,0.3200000000000003,0.3648934960365295,0.3648934960365295,0.7490050792694091,21.082859754562378,61.22,62.22,64.36,Severe,63.03,Severe,final,sat
2026-08-16,2026-08-17,dumariaghat_gandak,Dumariaghat,Gandak,Gopalganj,A-C,14:00,63.03,0.21999999999999886,12.97530746459961,12.97530746459961,13.340200960636139,13.724312543869019,61.22,62.22,64.36,Severe,62.99,Severe,final,sat
2026-08-17,2026-08-18,dumariaghat_gandak,Dumariaghat,Gandak,Gopalganj,A-C,14:00,62.99,-0.03999999999999915,5.186893463134766,5.186893463134766,18.162200927734375,18.527094423770905,61.22,62.22,64.36,Severe,62.97,Severe,final,sat
2026-08-18,2026-08-19,dumariaghat_gandak,Dumariaghat,Gandak,Gopalganj,A-C,14:00,62.97,-0.020000000000003126,1.658440351486206,1.658440351486206,6.845333814620972,19.82064127922058,61.22,62.22,64.36,Severe,62.93,Severe,final,sat
2026-08-19,2026-08-20,dumariaghat_gandak,Dumariaghat,Gandak,Gopalganj,A-C,14:00,62.93,-0.03999999999999915,0.0,0.0,1.658440351486206,6.845333814620972,61.22,62.22,64.36,Severe,62.8,Severe,final,sat
2026-08-20,2026-08-21,dumariaghat_gandak,Dumariaghat,Gandak,Gopalganj,A-C,14:00,62.8,-0.13000000000000256,1.145032286643982,1.145032286643982,1.145032286643982,2.803472638130188,61.22,62.22,64.36,Severe,62.75,Severe,final,sat
2026-08-21,2026-08-22,dumariaghat_gandak,Dumariaghat,Gandak,Gopalganj,A-C,14:00,62.75,-0.04999999999999716,2.84191632270813,2.84191632270813,3.986948609352112,3.986948609352112,61.22,62.22,64.36,Severe,62.64,Severe,final,sat
2026-08-22,2026-08-23,dumariaghat_gandak,Dumariaghat,Gandak,Gopalganj,A-C,14:00,62.64,-0.10999999999999943,5.045267105102539,5.045267105102539,7.887183427810669,9.03221571445465,61.22,62.22,64.36,Severe,62.79,Severe,final,sat
2026-08-23,2026-08-24,dumariaghat_gandak,Dumariaghat,Gandak,Gopalganj,A-C,14:00,62.79,0.14999999999999858,6.53899621963501,6.53899621963501,11.584263324737549,14.426179647445679,61.22,62.22,64.36,Severe,62.83,Severe,final,sat
2026-08-24,2026-08-25,dumariaghat_gandak,Dumariaghat,Gandak,Gopalganj,A-C,14:00,62.83,0.03999999999999915,7.92681074142456,7.92681074142456,14.46580696105957,19.51107406616211,61.22,62.22,64.36,Severe,62.71,Severe,final,sat
2026-08-25,2026-08-26,dumariaghat_gandak,Dumariaghat,Gandak,Gopalganj,A-C,14:00,62.71,-0.11999999999999744,1.602555751800537,1.602555751800537,9.529366493225098,16.068362712860107,61.22,62.22,64.36,Severe,62.57,Severe,final,sat
2026-08-26,2026-08-27,dumariaghat_gandak,Dumariaghat,Gandak,Gopalganj,A-C,14:00,62.57,-0.14000000000000057,0.1935389339923858,0.1935389339923858,1.796094685792923,9.722905427217482,61.22,62.22,64.36,Severe,62.61,Severe,final,sat
2026-08-27,2026-08-28,dumariaghat_gandak,Dumariaghat,Gandak,Gopalganj,A-C,14:00,62.61,0.03999999999999915,6.578050136566162,6.578050136566162,6.771589070558548,8.374144822359085,61.22,62.22,64.36,Severe,62.66,Severe,final,sat
2026-08-28,2026-08-29,dumariaghat_gandak,Dumariaghat,Gandak,Gopalganj,A-C,14:00,62.66,0.04999999999999716,0.4113969802856445,0.4113969802856445,6.989447116851807,7.1829860508441925,61.22,62.22,64.36,Severe,62.55,Severe,final,sat
2026-08-29,2026-08-30,dumariaghat_gandak,Dumariaghat,Gandak,Gopalganj,A-C,14:00,62.55,-0.10999999999999943,17.243858337402344,17.243858337402344,17.65525531768799,24.23330545425415,61.22,62.22,64.36,Severe,62.52,Severe,final,sat
2026-08-30,2026-08-31,dumariaghat_gandak,Dumariaghat,Gandak,Gopalganj,A-C,14:00,62.52,-0.02999999999999403,10.76539134979248,10.76539134979248,28.009249687194824,28.42064666748047,61.22,62.22,64.36,Severe,62.6,Severe,final,sat
2026-08-31,2026-09-01,dumariaghat_gandak,Dumariaghat,Gandak,Gopalganj,A-C,14:00,62.6,0.0799999999999983,9.806715965270996,9.806715965270996,20.572107315063477,37.81596565246582,61.22,62.22,64.36,Severe,62.78,Severe,final,sat
2026-09-01,2026-09-02,dumariaghat_gandak,Dumariaghat,Gandak,Gopalganj,A-C,14:00,62.78,0.17999999999999972,2.5929133892059326,2.5929133892059326,12.399629354476929,23.16502070426941,61.22,62.22,64.36,Severe,62.92,Severe,prelim,sat
2026-09-02,2026-09-03,dumariaghat_gandak,Dumariaghat,Gandak,Gopalganj,A-C,14:00,62.92,0.14000000000000057,2.3728089332580566,2.3728089332580566,4.965722322463989,14.772438287734985,61.22,62.22,64.36,Severe,62.92,Severe,prelim,sat
2026-09-03,2026-09-04,dumariaghat_gandak,Dumariaghat,Gandak,Gopalganj,A-C,14:00,62.92,0.0,4.700371742248535,4.700371742248535,7.073180675506592,9.666094064712524,61.22,62.22,64.36,Severe,62.97,Severe,prelim,sat
2026-09-04,2026-09-05,dumariaghat_gandak,Dumariaghat,Gandak,Gopalganj,A-C,14:00,62.97,0.04999999999999716,7.866026401519775,7.866026401519775,12.56639814376831,14.939207077026367,61.22,62.22,64.36,Severe,62.88,Severe,prelim,sat
2026-09-05,2026-09-06,dumariaghat_gandak,Dumariaghat,Gandak,Gopalganj,A-C,14:00,62.88,-0.0899999999999963,3.265254259109497,3.265254259109497,11.131280660629272,15.831652402877808,61.22,62.22,64.36,Severe,62.82,Severe,prelim,sat
2026-09-06,2026-09-07,dumariaghat_gandak,Dumariaghat,Gandak,Gopalganj,A-C,14:00,62.82,-0.060000000000002274,8.865253448486328,8.865253448486328,12.130507707595825,19.9965341091156,61.22,62.22,64.36,Severe,62.81,Severe,prelim,sat
2026-09-07,2026-09-08,dumariaghat_gandak,Dumariaghat,Gandak,Gopalganj,A-C,14:00,62.81,-0.00999999999999801,4.3960161209106445,4.3960161209106445,13.261269569396973,16.52652382850647,61.22,62.22,64.36,Severe,62.73,Severe,prelim,sat
2026-09-08,2026-09-09,dumariaghat_gandak,Dumariaghat,Gandak,Gopalganj,A-C,14:00,62.73,-0.0800000000000054,1.6463180780410769,1.6463180780410769,6.042334198951721,14.90758764743805,61.22,62.22,64.36,Severe,62.55,Severe,prelim,sat
2026-09-09,2026-09-10,dumariaghat_gandak,Dumariaghat,Gandak,Gopalganj,A-C,14:00,62.55,-0.17999999999999972,35.554443359375,35.554443359375,37.20076143741608,41.59677755832672,61.22,62.22,64.36,Severe,62.38,Severe,prelim,sat
2026-09-10,2026-09-11,dumariaghat_gandak,Dumariaghat,Gandak,Gopalganj,A-C,14:00,62.38,-0.1699999999999946,14.978843688964844,14.978843688964844,50.533287048339844,52.17960512638092,61.22,62.22,64.36,Severe,62.32,Severe,prelim,sat
2026-09-11,2026-09-12,dumariaghat_gandak,Dumariaghat,Gandak,Gopalganj,A-C,14:00,62.32,-0.060000000000002274,3.659411907196045,3.659411907196045,18.63825559616089,54.19269895553589,61.22,62.22,64.36,Severe,62.2,Above Normal,prelim,sat
2026-09-12,2026-09-13,dumariaghat_gandak,Dumariaghat,Gandak,Gopalganj,A-C,14:00,62.2,-0.11999999999999744,0.5975951552391052,0.5975951552391052,4.25700706243515,19.235850751399994,61.22,62.22,64.36,Above Normal,62.19,Above Normal,prelim,sat
2026-09-13,2026-09-14,dumariaghat_gandak,Dumariaghat,Gandak,Gopalganj,A-C,14:00,62.19,-0.010000000000005116,0.0,0.0,0.5975951552391052,4.25700706243515,61.22,62.22,64.36,Above Normal,62.19,Above Normal,prelim,sat
2026-09-14,2026-09-15,dumariaghat_gandak,Dumariaghat,Gandak,Gopalganj,A-C,14:00,62.19,0.0,5.074010848999023,5.074010848999023,5.074010848999023,5.671606004238129,61.22,62.22,64.36,Above Normal,62.42,Severe,prelim,sat
2026-09-15,2026-09-16,dumariaghat_gandak,Dumariaghat,Gandak,Gopalganj,A-C,14:00,62.42,0.23000000000000398,0.0123068029060959,0.0123068029060959,5.086317651905119,5.086317651905119,61.22,62.22,64.36,Severe,62.48,Severe,prelim,sat
2026-09-16,2026-09-17,dumariaghat_gandak,Dumariaghat,Gandak,Gopalganj,A-C,14:00,62.48,0.05999999999999517,2.61785888671875,2.61785888671875,2.630165689624846,7.704176538623869,61.22,62.22,64.36,Severe,62.45,Severe,prelim,sat
2026-09-17,2026-09-18,dumariaghat_gandak,Dumariaghat,Gandak,Gopalganj,A-C,14:00,62.45,-0.02999999999999403,4.195811748504639,4.195811748504639,6.813670635223389,6.825977438129485,61.22,62.22,64.36,Severe,62.47,Severe,prelim,sat
2026-09-18,2026-09-19,dumariaghat_gandak,Dumariaghat,Gandak,Gopalganj,A-C,14:00,62.47,0.01999999999999602,12.040986061096191,12.040986061096191,16.23679780960083,18.85465669631958,61.22,62.22,64.36,Severe,62.34,Severe,prelim,sat
2026-09-19,2026-09-20,dumariaghat_gandak,Dumariaghat,Gandak,Gopalganj,A-C,14:00,62.34,-0.12999999999999545,0.0,0.0,12.040986061096191,16.23679780960083,61.22,62.22,64.36,Severe,62.23,Severe,prelim,sat
2026-09-20,2026-09-21,dumariaghat_gandak,Dumariaghat,Gandak,Gopalganj,A-C,14:00,62.23,-0.11000000000000654,0.0,0.0,0.0,12.040986061096191,61.22,62.22,64.36,Severe,62.04,Above Normal,prelim,sat
2026-09-21,2026-09-22,dumariaghat_gandak,Dumariaghat,Gandak,Gopalganj,A-C,14:00,62.04,-0.18999999999999773,0.0523718036711216,0.0523718036711216,0.0523718036711216,0.0523718036711216,61.22,62.22,64.36,Above Normal,61.9,Above Normal,prelim,sat
2026-09-22,2026-09-23,dumariaghat_gandak,Dumariaghat,Gandak,Gopalganj,A-C,14:00,61.9,-0.14000000000000057,13.28269100189209,13.28269100189209,13.335062805563211,13.335062805563211,61.22,62.22,64.36,Above Normal,61.83,Above Normal,prelim,sat
2026-09-23,2026-09-24,dumariaghat_gandak,Dumariaghat,Gandak,Gopalganj,A-C,14:00,61.83,-0.07000000000000028,12.591127395629885,12.591127395629885,25.873818397521973,25.926190201193094,61.22,62.22,64.36,Above Normal,61.9,Above Normal,prelim,sat
2026-09-24,2026-09-25,dumariaghat_gandak,Dumariaghat,Gandak,Gopalganj,A-C,14:00,61.9,0.07000000000000028,41.11136245727539,41.11136245727539,53.70248985290527,66.98518085479736,61.22,62.22,64.36,Above Normal,62.14,Above Normal,prelim,sat
